{
  "evaluation": {
    "KF": {
      "variance_p": 2.7480522474240282,
      "variance": 0.011989933793012676,
      "delta": 0.01453541148672769,
      "eta": 1.0311441181336081e-05
    },
    "AROW": {
      "lam1": 4.472777501962857,
      "lam2": 4.22899652102071985
    },
    "BLR": {
      "default_variance": 3.9762503067239002,
      "noise_precision": 1.056674603690695
    },
    "vbBLR": {
      "default_variance": 1.8338857612054482,
      "noise_precision": 16.791152307279486,
      "tau": 0.45313314564959145
    },
    "fBLR": {
      "default_variance": 1.399413444723444,
      "noise_precision": 3.3652319871332357,
      "rho": 0.9825272897177444
    },
    "BLRsw": {
      "default_variance": 1.3762703401455085,
      "noise_precision": 3.1255531833262666,
      "m": 21
    },
    "PBLR": {
      "alpha": 0.8701506773116244,
      "default_variance": 2.0411895669240612,
      "noise_precision": 1.791736799034382
    },
    "NIG": {
      "default_variance": 37.38375763215214,
      "default_a": 1.248292113389245,
      "default_b": 2.2389575782294
    }
  },
  "phat_generation": {
    "KF": {
      "variance_p": 3.1480522474240282,
      "variance": 0.011989933793012676,
      "delta": 0.02353541148672769,
      "eta": 1.0311441181336081e-07
    },
    "AROW": {
      "lam1": 5.472777501962857,
      "lam2": 0.22899652102071985
    },
    "BLR": {
      "default_variance": 1.0762503067239002,
      "noise_precision": 4.056674603690695
    },
    "vbBLR": {
      "default_variance": 1.8338857612054482,
      "noise_precision": 16.791152307279486,
      "tau": 0.45313314564959145
    },
    "fBLR": {
      "default_variance": 1.399413444723444,
      "noise_precision": 3.3652319871332357,
      "rho": 0.9685272897177444
    },
    "BLRsw": {
      "default_variance": 1.3762703401455085,
      "noise_precision": 3.1255531833262666,
      "m": 40
    },
    "PBLR": {
      "alpha": 0.8001506773116244,
      "default_variance": 1.0411895669240612,
      "noise_precision": 4.991736799034382
    },
    "NIW": {
      "kappa0": 2.9354119315869953,
      "nu0": 5.178694501755872
    }
  }
}
